<?xml version="1.0" encoding="UTF-8"?>
<bpmn2:definitions xmlns="http://www.omg.org/spec/BPMN/20100524/MODEL" xmlns:bpmn2="http://www.omg.org/spec/BPMN/20100524/MODEL" xmlns:xsi="http://www.w3.org/2001/XMLSchema-instance" xmlns:xsd="http://www.w3.org/2001/XMLSchema" xmlns:activiti="http://activiti.org/bpmn" xmlns:bpmndi="http://www.omg.org/spec/BPMN/20100524/DI" xmlns:omgdc="http://www.omg.org/spec/DD/20100524/DC" xmlns:omgdi="http://www.omg.org/spec/DD/20100524/DI" xmlns:dc="http://www.omg.org/spec/DD/20100524/DC" xmlns:di="http://www.omg.org/spec/DD/20100524/DI" typeLanguage="http://www.w3.org/2001/XMLSchema" expressionLanguage="http://www.w3.org/1999/XPath" targetNamespace="http://bpmn.io/schema/bpmn" id="model-6854ca62-128c-4ba0-943f-eecb9addb7b5" name="process-with-user-task" xsi:schemaLocation="http://www.omg.org/spec/BPMN/20100524/MODEL BPMN20.xsd">
  <bpmn2:process id="Process_FJEIMf30" name="process-with-user-task" isExecutable="true">
    <bpmn2:startEvent id="Event_1">
      <bpmn2:outgoing>SequenceFlow_1tk70ti</bpmn2:outgoing>
    </bpmn2:startEvent>
    <bpmn2:sequenceFlow id="SequenceFlow_1tk70ti" sourceRef="Event_1" targetRef="Task_16wajce"></bpmn2:sequenceFlow>
    <bpmn2:userTask id="Task_16wajce" name="User Task" activiti:assignee="hruser"></bpmn2:userTask>
    <bpmn2:endEvent id="Event_0mkecw2">
      <bpmn2:incoming>SequenceFlow_1hws4wt</bpmn2:incoming>
    </bpmn2:endEvent>
    <bpmn2:sequenceFlow id="SequenceFlow_1hws4wt" sourceRef="Task_16wajce" targetRef="Event_0mkecw2"></bpmn2:sequenceFlow>
  </bpmn2:process>
  <bpmndi:BPMNDiagram id="BPMNDiagram_Process_FJEIMf30">
    <bpmndi:BPMNPlane bpmnElement="Process_FJEIMf30" id="BPMNPlane_Process_FJEIMf30">
      <bpmndi:BPMNShape bpmnElement="Event_1" id="BPMNShape_Event_1">
        <omgdc:Bounds height="36.0" width="36.0" x="232.0" y="152.0"></omgdc:Bounds>
      </bpmndi:BPMNShape>
      <bpmndi:BPMNShape bpmnElement="Task_16wajce" id="BPMNShape_Task_16wajce">
        <omgdc:Bounds height="80.0" width="100.0" x="320.0" y="130.0"></omgdc:Bounds>
      </bpmndi:BPMNShape>
      <bpmndi:BPMNShape bpmnElement="Event_0mkecw2" id="BPMNShape_Event_0mkecw2">
        <omgdc:Bounds height="36.0" width="36.0" x="472.0" y="152.0"></omgdc:Bounds>
      </bpmndi:BPMNShape>
      <bpmndi:BPMNEdge bpmnElement="SequenceFlow_1tk70ti" id="BPMNEdge_SequenceFlow_1tk70ti">
        <omgdi:waypoint x="268.0" y="170.0"></omgdi:waypoint>
        <omgdi:waypoint x="320.0" y="170.0"></omgdi:waypoint>
      </bpmndi:BPMNEdge>
      <bpmndi:BPMNEdge bpmnElement="SequenceFlow_1hws4wt" id="BPMNEdge_SequenceFlow_1hws4wt">
        <omgdi:waypoint x="420.0" y="170.0"></omgdi:waypoint>
        <omgdi:waypoint x="472.0" y="170.0"></omgdi:waypoint>
      </bpmndi:BPMNEdge>
    </bpmndi:BPMNPlane>
  </bpmndi:BPMNDiagram>
</bpmn2:definitions>